<?xml version="1.0" encoding="utf-8"?>
<extension type="module" version="3.1.0" client="site" method="upgrade">
    <name>Foside,Banner</name>
    <author>Beatwade</author>
    <version>1.0.0</version>
    <description>forside banner module.</description>
    <files>
        <filename>mod_forsidebanner.xml</filename>
        <filename module="mod_forsidebanner">mod_forsidebanner.php</filename>
        <filename>index.html</filename>
        <filename>helper.php</filename>
        <filename>tmpl/default.php</filename>
        <filename>tmpl/index.html</filename>
    </files>
    <config>
    </config>
</extension>